カード名,開始日,終了日,復刻回数
集う光の下へ,2024/04/18,2024/04/19,1
庶民派代表貴族コーデ,2024/04/18,2024/04/19,1
悪魔からの新着通知,2024/04/19,2024/04/26,1
言の葉は泡となりて,2024/04/19,2024/04/26,1
怪異サファリへようこそ,2024/04/23,2024/04/26,1
最悪に次ぐ最悪,2024/04/26,2024/05/03,1
創られし笑顔,2024/04/26,2024/05/03,1
博徒は欲望のままに,2024/04/30,2024/05/03,1
積み上げてきた富と罪,2024/05/03,2024/05/10,1
余裕系男子,2024/05/03,2024/05/10,1
全ての黒を眩き白に,2024/05/07,2024/05/10,1
夜の帳を足元に,2024/05/10,2024/05/17,1
真実なら奪い獲るまで,2024/05/10,2024/05/17,1
凍てついた暴君,2024/05/14,2024/05/17,1
夜空に咲かせ、大輪の花,2024/05/17,2024/05/24,1
庶民派代表貴族コーデ,2024/05/17,2024/05/24,2
怪異サファリへようこそ,2024/05/21,2024/05/24,2
待ち伏せた鏡の中で,2024/05/24,2024/05/31,1
夜空に咲かせ、大輪の花,2024/05/24,2024/05/31,2
夜の帳を足元に,2024/05/28,2024/05/31,2
諧謔趣味の若神主,2024/05/31,2024/06/07,1
集う光の下へ,2024/05/31,2024/06/07,2
ボクは令和の夏目漱石,2024/06/04,2024/06/07,1
雨霞に煙る立役者,2024/06/07,2024/06/14,1
最悪に次ぐ最悪,2024/06/07,2024/06/14,2
弱者に手を差し伸べて,2024/06/11,2024/06/14,1
凍れる王子に雪解けを,2024/06/14,2024/06/21,1
創られし笑顔,2024/06/14,2024/06/21,2
博徒は欲望のままに,2024/06/18,2024/06/21,2
ただありふれた祝福を,2024/06/21,2024/06/28,1
余裕系男子,2024/06/21,2024/06/28,2
積み上げてきた富と罪,2024/06/25,2024/06/28,2
死神の寵愛,2024/06/28,2024/07/05,1
真実なら奪い獲るまで,2024/06/28,2024/07/05,2
真夜中の怪異公,2024/07/02,2024/07/09,1
なに見てんだよ、人間,2024/07/05,2024/07/12,1
全ての黒を眩き白に,2024/07/05,2024/07/12,2
夕闇迫る黒鉄の下で,2024/07/09,2024/07/12,1
御神籤に訊ねる,2024/07/12,2024/07/19,1
凍てついた暴君,2024/07/12,2024/07/19,2
夜空に咲かせ、大輪の花,2024/07/16,2024/07/19,3
夜の帳を足元に,2024/07/19,2024/07/26,3
集う光の下へ,2024/07/19,2024/07/26,3
諧謔趣味の若神主,2024/07/23,2024/07/30,2
弾けるポップな夜遊びを,2024/07/26,2024/08/02,1
はみ出し者にも止り木を,2024/07/26,2024/08/02,1
目覚めた怪物,2024/07/30,2024/08/06,1
生かすも殺すも僕次第,2024/08/02,2024/08/09,1
死神の寵愛,2024/08/02,2024/08/09,2
凍れる王子に雪解けを,2024/08/06,2024/08/13,2
心に触れる花束を,2024/08/09,2024/08/16,1
庶民派代表貴族コーデ,2024/08/09,2024/08/16,3
なに見てんだよ、人間,2024/08/13,2024/08/20,2
俺の座る椅子が常に王座,2024/08/16,2024/08/23,1
余裕系男子,2024/08/16,2024/08/23,3
真夜中の怪異公,2024/08/20,2024/08/27,2
素敵なサムシング探訪記,2024/08/23,2024/08/30,1
ただありふれた祝福を,2024/08/23,2024/08/30,2
目覚めた怪物,2024/08/27,2024/09/03,2
言の葉は泡となりて,2024/08/27,2024/09/03,2
噛み殺した渇望の遺物,2024/08/30,2024/09/06,1
雨霞に煙る立役者,2024/08/30,2024/09/06,2
司法こそが我が至宝,2024/09/03,2024/09/10,1
悪魔からの新着通知,2024/09/03,2024/09/10,2
艶やかに散りゆく紅,2024/09/06,2024/09/13,1
凍てついた暴君,2024/09/06,2024/09/13,3
男身一つ、露天参り,2024/09/10,2024/09/17,1
弱者に手を差し伸べて,2024/09/10,2024/09/17,2
行く川の流れに身を委ね,2024/09/13,2024/09/20,1
生かすも殺すも僕次第,2024/09/13,2024/09/20,2
死神の寵愛,2024/09/17,2024/09/24,3
余裕系男子,2024/09/17,2024/09/24,4
夜来の雨とはぐれ妖,2024/09/20,2024/09/27,1
怪異サファリへようこそ,2024/09/20,2024/09/27,3
俺の座る椅子が常に王座,2024/09/24,2024/10/01,2
なに見てんだよ、人間,2024/09/24,2024/10/01,3
待ち伏せた鏡の中で,2024/09/24,2024/10/01,2
血染めの畏怖,2024/09/27,2024/10/04,1
最悪に次ぐ最悪,2024/10/01,2024/10/08,3
屍者のフィロソフィア,2024/10/01,2024/10/08,1
夜の帳を足元に,2024/10/01,2024/10/08,4
黒曜の葬送人,2024/10/04,2024/10/11,1
諧謔趣味の若神主,2024/10/04,2024/10/11,3
今宵は静かな屍人形,2024/10/08,2024/10/15,1
真実なら奪い獲るまで,2024/10/08,2024/10/15,3
氷皇の素顔,2024/10/11,2024/10/18,1
全ての黒を眩き白に,2024/10/11,2024/10/18,3
噛み殺した渇望の遺物,2024/10/15,2024/10/22,2
集う光の下へ,2024/10/15,2024/10/22,4
余裕系男子,2024/10/18,2024/10/25,5
御神籤に訊ねる,2024/10/18,2024/10/25,2
夜空に咲かせ、大輪の花,2024/10/22,2024/10/29,4
生かすも殺すも僕次第,2024/10/22,2024/10/29,3
目覚めた怪物,2024/10/25,2024/11/01,3
弾けるポップな夜遊びを,2024/10/25,2024/11/01,2
闇より来たる従者,2024/10/29,2024/11/05,1
はみ出し者にも止り木を,2024/10/29,2024/11/05,2
燭台に揺らめく影細工,2024/11/01,2024/11/08,1
司法こそが我が至宝,2024/11/01,2024/11/08,2
見習い執事は破天荒,2024/11/05,2024/11/12,1
創られし笑顔,2024/11/05,2024/11/12,3
欲望渦巻くこの街で,2024/11/08,2024/11/15,1
ボクは令和の夏目漱石,2024/11/08,2024/11/15,2
平穏に爪先を浸して,2024/11/12,2024/11/19,1
積み上げてきた富と罪,2024/11/12,2024/11/19,3
暮れ提灯の晩酌,2024/11/15,2024/11/22,1
悪魔からの新着通知,2024/11/15,2024/11/22,3
心に触れる花束を,2024/11/19,2024/11/26,2
今宵は静かな屍人形,2024/11/19,2024/11/26,2
時を越えた対話,2024/11/22,2024/11/29,1
血染めの畏怖,2024/11/22,2024/11/29,2
凍れる王子に雪解けを,2024/11/26,2024/12/03,3
弱者に手を差し伸べて,2024/11/26,2024/12/03,3
綽々たるプリズナー,2024/11/29,2024/12/06,1
博徒は欲望のままに,2024/11/29,2024/12/06,3
キミの処遇はオレ次第,2024/12/03,2024/12/10,1
真夜中の怪異公,2024/12/03,2024/12/10,3
此処が地獄であろうとも,2024/12/06,2024/12/13,1
ただありふれた祝福を,2024/12/06,2024/12/13,3
愚者の誘惑,2024/12/10,2024/12/17,1
なに見てんだよ、人間,2024/12/10,2024/12/17,4
夕風は王の頬を撫で,2024/12/13,2024/12/20,1
全ての黒を眩き白に,2024/12/13,2024/12/20,4
燭台に揺らめく影細工,2024/12/17,2024/12/24,2
創られし笑顔,2024/12/17,2024/12/24,4
雨霞に煙る立役者,2024/12/20,2024/12/27,3
素敵なサムシング探訪記,2024/12/20,2024/12/27,2
噛み殺した渇望の遺物,2024/12/24,2024/12/31,3
艶やかに散りゆく紅,2024/12/24,2024/12/31,2
不思議の牧場の案内人,2024/12/27,2025/01/03,1
挑め望まぬアウトドア,2024/12/27,2025/01/03,1
氷皇の素顔,2024/12/31,2025/01/07,2
行く川の流れに身を委ね,2024/12/31,2025/01/07,2
今日の白衣は特別仕様,2025/01/01,2024/01/10,1
幽けき光に照らされて,2025/01/03,2025/01/10,1
男身一つ、露天参り,2025/01/03,2025/01/10,2
金貨のナイトの誘惑,2025/01/07,2025/01/14,1
なに見てんだよ、人間,2025/01/07,2025/01/14,5
遊惰な草枕,2025/01/10,2025/01/17,1
集う光の下へ,2025/01/10,2025/01/17,5
物語に幸せな結末を,2025/01/14,2025/01/21,1
生かすも殺すも僕次第,2025/01/14,2025/01/21,4
気怠い朝光の誘惑,2025/01/17,2025/01/24,1
凍てついた暴君,2021/01/17,2025/01/24,4
侠客の貴重な平穏,2025/01/21,2025/01/28,1
余裕系男子,2025/01/21,2025/01/28,6
凛と咲く風待草の如く,2025/01/24,2025/01/31,1
目覚めた怪物,2025/01/24,2025/01/31,4
心に触れる花束を,2025/01/28,2025/02/04,3
見習い執事は破天荒,2025/01/28,2025/02/04,2
心の裂け目をなぞる指,2025/01/31,2025/02/07,1
夜の帳を足元に,2025/01/31,2025/02/07,5
正義の棲む晶洞,2025/02/04,2025/02/11,1
黒曜の葬送人,2025/02/04,2025/02/11,2
更けゆく夜への献杯,2025/02/07,2025/02/14,1
最悪に次ぐ最悪,2025/02/07,2025/02/14,4
光弓の射手,2025/02/11,2025/02/18,1
夜来の雨とはぐれ妖,2025/02/11,2025/02/18,2
ハートも溶かす熱い囁き,2025/02/14,2025/02/21,1
怪異サファリへようこそ,2025/02/14,2025/02/21,4
聖杯のキングの誘惑,2025/02/18,2025/02/25,1
言の葉は泡となりて,2025/02/18,2025/02/25,3
特別メニューはただ甘く,2025/02/21,2025/02/28,1
屍者のフィロソフィア,2025/02/21,2025/02/28,2
諧謔趣味の若神主,2025/02/25,2025/03/04,4
夕闇迫る黒鉄の下で,2025/02/25,2025/03/04,2
晦冥の底に沈む,2025/02/28,2025/03/07,1
司法こそが我が至宝,2025/02/28,2025/03/07,3
黒死降る街の救い手,2025/03/04,2025/03/11,1
気怠い朝光の誘惑,2025/03/04,2025/03/11,2
悪魔からの新着通知,2025/03/04,2025/03/11,4
夜を染める狭い個室,2025/03/07,2025/03/14,1
弾けるポップな夜遊びを,2025/03/07,2025/03/14,3
待ち伏せた鏡の中で,2025/03/07,2025/03/14,3
その手触りに魅せられて,2025/03/11,2025/03/18,1
俺の座る椅子が常に王座,2025/03/11,2025/03/18,3
御神籤に訊ねる,2025/03/11,2025/03/18,3
死神の誘惑,2025/03/14,2025/03/21,1
綽々たるプリズナー,2025/03/14,2025/03/21,2
庶民派代表貴族コーデ,2025/03/14,2025/03/21,4
なんとなく落ち着く場所,2025/03/18,2025/03/25,1
暮れ提灯の晩酌,2025/03/18,2025/03/25,2
はみ出し者にも止り木を,2025/03/18,2025/03/25,3
恋人の誘惑,2025/03/21,2025/03/28,1
戦車の誘惑,2025/03/21,2025/03/28,1
血染めの畏怖,2025/03/21,2025/03/28,3
向日葵からの祝福,2025/03/25,2025/04/01,1
闇より来たる従者,2025/03/25,2025/04/01,2
真実なら奪い獲るまで,2025/03/25,2025/04/01,4
心を掌握する瞳,2025/03/28,2025/04/04,1
時を越えた対話,2025/03/28,2025/04/04,2
全ての黒を眩き白に,2025/03/28,2025/04/04,5
妖怪道中殊玉絵巻,2025/04/01,2025/04/08,1
欲望渦巻くこの街で,2025/04/01,2025/04/08,2
キミの処遇はオレ次第,2025/04/01,2025/04/08,2
奈落に咲く花,2025/04/04,2025/04/11,1
凍れる王子に雪解けを,2025/04/04,2025/04/11,4
創られし笑顔,2025/04/08,2025/04/15,5
聖域への立ち入り許可,2025/04/08,2025/04/15,1
死神の寵愛,2025/04/08,2025/04/15,4
積み上げてきた富と罪,2025/04/08,2025/04/15,4
熱を鎮める強炭酸,2025/04/08,2025/04/15,1
今日の白衣は特別仕様,2025/04/11,2025/04/18,2
今宵は静かな屍人形,2025/04/11,2025/04/18,3
杖のペイジの誘惑,2025/04/15,2025/04/22,1
真夜中の怪異公,2025/04/15,2025/04/22,4
夜空に咲かせ、大輪の花,2025/04/15,2025/04/22,5
夕風は王の頬を撫で,2025/04/18,2025/04/25,2
不思議の牧場の案内人,2025/04/18,2025/04/25,2
弱者に手を差し伸べて,2025/04/18,2025/04/25,4
力の誘惑,2025/04/22,2025/04/29,1
ただありふれた祝福を,2025/04/22,2025/04/29,4
生かすも殺すも僕次第,2025/04/22,2025/04/29,5
暴虎大我の勇,2025/04/25,2025/05/02,1
明鏡止水に落ちる影,2025/04/25,2025/05/02,1
ボクは令和の夏目漱石,2025/04/25,2025/05/02,3
翡翠の間にて玉衣靡かせ,2025/04/29,2025/05/06,1
燭台に揺らめく影細工,2025/04/29,2025/05/06,3
夜の帳を足元に,2025/04/29,2025/05/06,6
ぼやける視線の先には,2025/05/02,2025/05/09,1
挑め望まぬアウトドア,2025/05/02,2025/05/09,2
侠客の貴重な平穏,2025/05/02,2025/05/09,2
氷菓が恋で溶ける前に,2025/05/06,2025/05/13,1
見習い執事は破天荒,2025/05/06,2025/05/13,3
平穏に爪先を浸して,2025/05/06,2025/05/13,2
世界に一つの花言葉,2025/05/09,2025/05/16,1
氷皇の素顔,2025/05/09,2025/05/16,3
怪異サファリへようこそ,2025/05/09,2025/05/16,5
特別メニューはただ甘く,2025/05/13,2025/05/20,2
此処が地獄であろうとも,2025/05/13,2025/05/20,2
集う光の下へ,2025/05/13,2025/05/20,6
誰かを幸せにする実験,2025/05/16,2025/05/23,1
遊惰な草枕,2025/05/16,2025/05/23,2
金貨のナイトの誘惑,2025/05/16,2025/05/23,2
悪魔の誘惑,2025/05/20,2025/05/27,1
幽けき光に照らされて,2025/05/20,2025/05/27,2
噛み殺した渇望の遺物,2025/05/20,2025/05/27,4
暮れ提灯の晩酌,2025/05/23,2025/05/30,3
心に触れる花束を,2025/05/23,2025/05/30,4
素敵なサムシング探訪記,2025/05/23,2025/05/30,3
剣の３の誘惑,2025/05/27,2025/06/03,1
晦冥の底に沈む,2025/05/27,2025/06/03,2
艶やかに散りゆく紅,2025/05/27,2025/06/03,3
夏を染める氷貴,2025/05/30,2025/06/06,1
愚者の誘惑,2025/05/30,2025/06/06,2
雨霞に煙る立役者,2025/05/30,2025/06/06,4
笑顔煌めく波打ち際,2025/06/03,2025/06/10,1
男身一つ、露天参り,2025/06/03,2025/06/10,3
なに見てんだよ、人間,2025/06/03,2025/06/10,6
夜毎語らう夢の罠,2025/06/06,2025/06/13,1
正義の棲む晶洞,2025/06/06,2025/06/13,2
余裕系男子,2025/06/06,2025/06/13,7
二度とは言わない一言,2025/06/10,2025/06/17,1
行く川の流れに身を委ね,2025/06/10,2025/06/17,3
司法こそが我が至宝,2025/06/10,2025/06/17,4
グラスが満ちる頃には,2025/06/13,2025/06/20,1
博徒は欲望のままに,2025/06/13,2025/06/20,4
悪魔からの新着通知,2025/06/13,2025/06/20,5
聖杯のナイトの誘惑,2025/06/17,2025/06/24,1
聖杯のキングの誘惑,2025/06/17,2025/06/24,2
黒死降る街の救い手,2025/06/17,2025/06/24,2
はじけて消える想いの粒,2025/06/20,2025/06/27,1
更けゆく夜への献杯,2025/06/20,2025/06/27,2
言の葉は泡となりて,2025/06/20,2025/06/27,4
君への誓いにかけて,2025/06/24,2025/07/01,1
熱を鎮める強炭酸,2025/06/24,2025/07/01,2
光弓の射手,2025/06/24,2025/07/01,2
誰が為の彦星,2025/06/27,2025/07/04,1
心の裂け目をなぞる指,2025/06/27,2025/07/04,2
弾けるポップな夜遊びを,2025/06/27,2025/07/04,4
あたたかな灯の指す方へ,2025/07/01,2025/07/08,1
気怠い朝光の誘惑,2025/07/01,2025/07/08,3
最悪に次ぐ最悪,2025/07/01,2025/07/08,5
星と想いは波の随に,2025/07/04,2025/07/11,1
心を掌握する瞳,2025/07/04,2025/07/11,2
夕闇迫る黒鉄の下で,2025/07/08,2025/07/15,3
心に秘めた願い,2025/07/08,2025/07/15,1
ハートも溶かす熱い囁き,2025/07/08,2025/07/15,2
キミの処遇はオレ次第,2025/07/08,2025/07/15,3
潮風に映ゆる美貌,2025/07/11,2025/07/18,1
夜を染める狭い個室,2025/07/11,2025/07/18,2
凍てついた暴君,2025/07/15,2025/07/22,5
ぼやける視線の先には,2025/07/15,2025/07/22,2
恋人の誘惑,2025/07/15,2025/07/22,2
全ての黒を眩き白に,2025/07/18,2025/07/25,6
杖のペイジの誘惑,2025/07/18,2025/07/25,2
時を越えた対話,2025/07/18,2025/07/25,3
待ち伏せた鏡の中で,2025/07/22,2025/07/29,4
剣の８の誘惑,2025/07/22,2025/07/29,1
奈落に咲く花,2025/07/22,2025/07/29,2
戦車の誘惑,2025/07/22,2025/07/29,2
教皇の誘惑,2025/07/25,2025/08/01,1
向日葵からの祝福,2025/07/25,2025/08/01,2
庶民派代表貴族コーデ,2025/07/29,2025/08/05,5
吹き溜まりの楽園にて,2025/07/29,2025/08/05,1
黒曜の葬送人,2025/07/29,2025/08/05,3
物語に幸せな結末を,2025/07/29,2025/08/05,2
医師と患者の守秘義務,2025/08/01,2025/08/08,1
明鏡止水に落ちる影,2025/08/01,2025/08/08,2
生かすも殺すも僕次第,2025/08/05,2025/08/12,6
雨音をいつかの拳に重ね,2025/08/05,2025/08/12,1
暴虎大我の勇,2025/08/05,2025/08/12,2
創られし笑顔,2025/08/05,2025/08/12,6
踏み締めた静寂の音,2025/08/08,2025/08/15,1
俺の座る椅子が常に王座,2025/08/08,2025/08/15,4
御神籤に訊ねる,2025/08/12,2025/08/19,4
無秩序に刺激的な色を,2025/08/12,2025/08/19,1
世界に一つの花言葉,2025/08/12,2025/08/19,2
弱者に手を差し伸べて,2025/08/12,2025/08/19,5
聖杯の８の誘惑,2025/08/15,2025/08/22,1
夜来の雨とはぐれ妖,2025/08/15,2025/08/22,3
聖域への立ち入り許可,2025/08/19,2025/08/26,2
目覚めた怪物,2025/08/19,2025/08/26,5
見習い執事は破天荒,2025/08/19,2025/08/26,4
不思議の牧場の案内人,2025/08/19,2025/08/26,3
激情の獣の檻の中で,2025/08/22,2025/08/29,1
諧謔趣味の若神主,2025/08/22,2025/08/29,5
その手触りに魅せられて,2025/08/26,2025/09/02,2
皇帝の誘惑,2025/08/26,2025/09/02,1
屍者のフィロソフィア,2025/08/26,2025/09/02,3
真実なら奪い獲るまで,2025/08/26,2025/09/02,5
己が道を示す羅針盤,2025/08/29,2025/09/05,1
深世界の原風景,2025/08/29,2025/09/05,1
闇より来たる従者,2025/09/02,2025/09/09,3
波音は静かに心を打つ,2025/09/02,2025/09/09,1
ただありふれた祝福を,2025/09/02,2025/09/09,5
幽けき光に照らされて,2025/09/02,2025/09/09,3
進路は王の気の向くまま,2025/09/05,2025/09/12,1
はみ出し者にも止り木を,2025/09/05,2025/09/12,4
夜の帳を足元に,2025/09/09,2025/09/16,7
杖の７の誘惑,2025/09/09,2025/09/16,1
噛み殺した渇望の遺物,2025/09/09,2025/09/16,5
なんとなく落ち着く場所,2025/09/09,2025/09/16,2
あえかなる想いの結実,2025/09/12,2025/09/19,1
死神の誘惑,2025/09/12,2025/09/19,2
積み上げてきた富と罪,2025/09/16,2025/09/23,5
真実を覗くオペラグラス,2025/09/16,2025/09/23,1
力の誘惑,2025/09/16,2025/09/23,2
妖怪道中殊玉絵巻,2025/09/16,2025/09/23,2
太陽の誘惑,2025/09/19,2025/09/26,1
血染めの畏怖,2025/09/19,2025/09/26,4
今宵は静かな屍人形,2025/09/23,2025/09/30,4
真夜中の怪異公,2025/09/23,2025/09/30,5
綽々たるプリズナー,2025/09/23,2025/09/30,3
集う光の下へ,2025/09/23,2025/09/30,7
禁断の果実は甘美に誘う,2025/09/26,2025/10/03,1
挑め望まぬアウトドア,2025/09/26,2025/10/03,3
創られし笑顔,2025/09/30,2025/10/07,7
鉄格子の中の狂犬,2025/09/30,2025/10/07,1
悪魔の誘惑,2025/09/30,2025/10/07,2
平穏に爪先を浸して,2025/09/30,2025/10/07,3
ガリバーの食卓,2025/10/03,2025/10/10,1
凍れる王子に雪解けを,2025/10/03,2025/10/10,5
夜空に咲かせ、大輪の花,2025/10/07,2025/10/14,6
浮ついた顔が隠せずに,2025/10/07,2025/10/14,1
燭台に揺らめく影細工,2025/10/07,2025/10/14,4
誰かを幸せにする実験,2025/10/07,2025/10/14,2
金貨の８の誘惑,2025/10/10,2025/10/17,1
翡翠の間にて玉衣靡かせ,2025/10/10,2025/10/17,2
金貨のナイトの誘惑,2025/10/14,2025/10/21,3
運命の輪の誘惑,2025/10/14,2025/10/21,1
男身一つ、露天参り,2025/10/14,2025/10/21,4
遊惰な草枕,2025/10/14,2025/10/21,3
笑顔煌めく波打ち際,2025/10/17,2025/10/24,2
氷菓が恋で溶ける前に,2025/10/17,2025/10/24,2
ボクは令和の夏目漱石,2025/10/21,2025/10/28,4
特別メニューはただ甘く,2025/10/21,2025/10/28,3
聖杯のキングの誘惑,2025/10/21,2025/10/28,3
正義の棲む晶洞,2025/10/21,2025/10/28,3
白き魔王の寝所,2025/10/24,2025/10/31,1
暮れ提灯の晩酌,2025/10/24,2025/10/31,4
二度とは言わない一言,2025/10/28,2025/11/04,2
今日の白衣は特別仕様,2025/10/28,2025/11/04,3
夕風は王の頬を撫で,2025/10/28,2025/11/04,3
あたたかな灯の指す方へ,2025/10/28,2025/11/04,2
灰褐色の恋心,2025/10/31,2025/11/07,1
侠客の貴重な平穏,2025/10/31,2025/11/07,3
悪魔からの新着通知,2025/11/04,2025/11/11,6
影踊る曲芸キョンシー,2025/11/04,2025/11/11,1
心を掌握する瞳,2025/11/04,2025/11/11,3
誰かを幸せにする実験,2025/11/04,2025/11/11,3
隠者の誘惑,2025/11/07,2025/11/14,1
欲望渦巻くこの街で,2025/11/07,2025/11/14,3
司法こそが我が至宝,2025/11/11,2025/11/18,5
金貨のキングの誘惑,2025/11/11,2025/11/18,1
誰が為の彦星,2025/11/11,2025/11/18,2
なに見てんだよ、人間,2025/11/11,2025/11/18,7
夜景を溶かしたカクテル,2025/11/14,2025/11/21,1
君への誓いにかけて,2025/11/14,2025/11/21,2
愚者の誘惑,2025/11/14,2025/11/21,3
真夜中のグランギニョル,2025/11/18,2025/11/25,1
星と想いは波の随に,2025/11/18,2025/11/25,2
此処が地獄であろうとも,2025/11/18,2025/11/25,3
夜に彩づく静かな紅,2025/11/21,2025/11/28,1
素敵なサムシング探訪記,2025/11/21,2025/11/28,4
最悪に次ぐ最悪,2025/11/25,2025/12/02,6
眠らぬ白肌にお仕置きを,2025/11/25,2025/12/02,1
死神の寵愛,2025/11/25,2025/12/02,5
黒死降る街の救い手,2025/11/25,2025/12/02,3
溶けぬ氷を抱いて沈む,2025/11/28,2025/12/05,1
博徒は欲望のままに,2025/11/28,2025/12/05,5
全ての黒を眩き白に,2025/12/02,2025/12/09,7
笑声は暴雨と共に沈む,2025/12/02,2025/12/09,1
グラスが満ちる頃には,2025/12/02,2025/12/09,2
見習い執事は破天荒,2025/12/02,2025/12/09,5
強欲の城は砂殿に沈む,2025/12/05,2025/12/12,1
教皇の誘惑,2025/12/05,2025/12/12,2
凛と咲く風待草の如く,2025/12/09,2025/12/16,2
朽ちた鎖に縛られ沈む,2025/12/09,2025/12/16,1
ジルコンの煌めき,2025/12/09,2025/12/16,1
雨霞に煙る立役者,2025/12/09,2025/12/16,5
夜毎語らう夢の罠,2025/12/12,2025/12/19,2
余裕系男子,2025/12/12,2025/12/19,8
キミの処遇はオレ次第,2025/12/16,2025/12/23,4
サムシング・ブルー,2025/12/16,2025/12/23,1
剣の８の誘惑,2025/12/16,2025/12/23,2
戦車の誘惑,2025/12/16,2025/12/23,3
悪戯な笑みに誘われて,2025/12/19,2025/12/26,1
剣の３の誘惑,2025/12/19,2025/12/26,2
聖杯のナイトの誘惑,2025/12/23,2025/12/30,2
氷皇の素顔,2025/12/23,2025/12/30,4
激情の獣の檻の中で,2025/12/23,2025/12/30,2
言の葉は泡となりて,2025/12/23,2025/12/30,5
声なき嘆きの中に沈む,2025/12/26,2026/01/02,1
熱を鎮める強炭酸,2025/12/26,2026/01/02,3
光弓の射手,2025/12/30,2026/01/06,3
理想の灯は灰に沈む,2025/12/30,2026/01/06,1
心に触れる花束を,2025/12/30,2026/01/06,5
ガリバーの食卓,2026/01/01,2026/01/09,2
独奏は静かに凍り付き,2026/01/01,2026/01/09,1
晦冥の底に沈む,2026/01/01,2026/01/09,3
諧謔趣味の若神主,2026/01/01,2026/01/09,6
色なき心を見つめて沈む,2026/01/02,2026/01/09,1
雨音をいつかの拳に重ね,2026/01/02,2026/01/09,2
怪異サファリへようこそ,2026/01/06,2026/01/13,6
悪態を鎮める火照り,2026/01/06,2026/01/13,1
奈落に咲く花,2026/01/06,2026/01/13,3
艶やかに散りゆく紅,2026/01/06,2026/01/13,4
何気ない朝の視線,2026/01/09,2026/01/16,1
気怠い朝光の誘惑,2026/01/09,2026/01/16,4
無秩序に刺激的な色を,2026/01/13,2026/01/20,2
ガーネットの光芒,2026/01/13,2026/01/20,1
ぼやける視線の先には,2026/01/13,2026/01/20,3
更けゆく夜への献杯,2026/01/13,2026/01/20,3
死が訪れない夜に,2026/01/16,2026/01/23,1
心に秘めた願い,2026/01/16,2026/01/23,2
時を越えた対話,2026/01/16,2026/01/23,4